{"cameraMode":{"drawMode":0,"name":"Shaded","section":"Shading Mode"},"sceneLighting":false,"audioPlay":false,"sceneViewState":{"showFog":true,"showMaterialUpdate":false,"showSkybox":false,"showFlares":true,"showImageEffects":true,"showParticleSystems":true},"in2DMode":false,"pivot":{"x":-0.5381053686141968,"y":0.10411450266838074,"z":2.7179479598999025},"rotation":{"x":-0.00013322311860974878,"y":0.9938120245933533,"z":-0.11107996851205826,"w":-0.0011917011579498649},"size":0.7858573198318481,"orthographic":false}